{
  "schema_version": "1.1.0",
  "track_metadata": {
    "duration": 60.0,
    "sample_rate": 22050,
    "preprocessing": {
      "original_sr": 22050,
      "resampled": false,
      "normalization_method": "peak",
      "normalization_factor": 1.0,
      "trimmed": false,
      "trim_samples": null
    },
    "time_axis_info": {
      "max_block_time": 59.75,
      "duration_sec": 60.0,
      "time_axis_valid": true,
      "n_blocks": 120,
      "block_duration_sec": 0.5
    }
  },
  "params": {
    "target_sr": 22050,
    "frame_length": 2048,
    "hop_length": 512,
    "block_duration": 0.5,
    "normalize_method": "peak",
    "block_normalize_method": "robust",
    "trim_silence": false,
    "generate_plots": true
  },
  "curves": {
    "tension_raw": {
      "values": [
        0.09658057242631912,
        0.0,
        0.9045200347900391,
        0.4997252821922302,
        0.2814893424510956,
        0.8361256718635559,
        0.24549449980258942,
        0.7238678932189941,
        0.1453482210636139,
        0.5257048010826111,
        0.80692058801651,
        0.0,
        1.0,
        0.12391600757837296,
        0.3039403259754181,
        0.9314181804656982,
        0.2563123106956482,
        0.768561065196991,
        0.03235512599349022,
        0.7247753143310547,
        0.672072172164917,
        0.0,
        1.0,
        0.11359085142612457,
        0.47172310948371887,
        0.8313309550285339,
        0.22825472056865692,
        0.655147910118103,
        0.18728327751159668,
        0.9460955858230591,
        0.3944984972476959,
        0.06388312578201294,
        0.9431173205375671,
        0.10932978242635727,
        0.7508814930915833,
        0.7308938503265381,
        0.1361168771982193,
        0.5674741864204407,
        0.28236913681030273,
        1.0,
        0.3659312129020691,
        0.14198461174964905,
        0.6934844851493835,
        0.09129948168992996,
        0.8839060664176941,
        0.7235791087150574,
        0.13741332292556763,
        0.3738868832588196,
        0.533765971660614,
        0.9442650079727173,
        0.3293085992336273,
        0.3091140687465668,
        0.4721609950065613,
        0.22563470900058746,
        0.8499987125396729,
        0.6279368996620178,
        0.07761843502521515,
        0.4958054721355438,
        0.6482473611831665,
        0.6210549473762512,
        0.27928707003593445,
        0.36486688256263733,
        0.6148171424865723,
        0.46992629766464233,
        0.5545802116394043,
        0.6211060285568237,
        0.0032867391128093004,
        0.6769697070121765,
        0.7760154008865356,
        0.3045940399169922,
        0.42634332180023193,
        0.29253631830215454,
        0.6503894925117493,
        0.5484925508499146,
        0.4836527705192566,
        0.640281617641449,
        0.0,
        0.7980785369873047,
        0.8441966772079468,
        0.3149320185184479,
        0.7334195375442505,
        0.05979900434613228,
        0.7039383053779602,
        0.45367804169654846,
        0.4889419674873352,
        0.760368287563324,
        0.0,
        0.9995704293251038,
        0.5357820987701416,
        0.2992071211338043,
        0.8996575474739075,
        0.15609759092330933,
        0.6573807597160339,
        0.2967964708805084,
        0.4909151494503021,
        0.7339627146720886,
        0.0,
        1.0,
        0.12012942135334015,
        0.32079508900642395,
        1.0,
        0.1824345737695694,
        0.747584342956543,
        0.06770219653844833,
        0.6513441801071167,
        0.6676158308982849,
        0.007176991552114487,
        1.0,
        0.08802934736013412,
        0.44535592198371887,
        0.962894856929779,
        0.12179184705018997,
        0.6932085156440735,
        0.20922186970710754,
        0.826601505279541,
        0.39740240573883057,
        0.11292066425085068,
        0.9832473993301392,
        0.06626430153846741,
        0.7991676330566406
      ],
      "sampling_interval_sec": 0.5,
      "start_time_sec": 0.25,
      "length": 120,
      "description": "Raw tension/energy curve before smoothing",
      "range": [
        0.0,
        1.0
      ],
      "normalization": {
        "mode": "robust_track",
        "percentile_lower": 5.0,
        "percentile_upper": 95.0,
        "p_low": 0.2559652328491211,
        "p_high": 0.7119035124778748,
        "pre_norm": {
          "min": 0.14150497317314148,
          "max": 0.7571353912353516,
          "mean": 0.47513502836227417,
          "std": 0.15056867897510529
        },
        "post_norm": {
          "min": 0.0,
          "max": 1.0,
          "mean": 0.4853522479534149,
          "std": 0.31109440326690674
        },
        "component_stats": {
          "rms": {
            "raw_min": -24.49142837524414,
            "raw_max": 1.6498405933380127,
            "raw_mean": -0.14206507802009583
          },
          "onset_density": {
            "raw_min": -1.3025282621383667,
            "raw_max": 1.644877314567566,
            "raw_mean": 0.12335983663797379
          },
          "spectral_centroid": {
            "raw_min": -1.0,
            "raw_max": 6341.90234375,
            "raw_mean": 52.7839469909668
          },
          "spectral_bandwidth": {
            "raw_min": -2.294252872467041,
            "raw_max": 12181.025390625,
            "raw_mean": 101.44035339355469
          }
        }
      }
    },