{
  "schema_version": "1.1.0",
  "kernel_version": "1.2.0",
  "timebase_version": "1",
  "generated_at": "2025-12-16T20:47:41.170503Z",
  "track_metadata": {
    "name": "contrast",
    "duration": 60.0,
    "sample_rate": 22050,
    "preprocessing": {
      "normalization_method": "peak",
      "normalization_factor": 1.0
    },
    "audio_checksum": "dc36e0840e723886d97836ee4e63534d2a73fa3117b2c009c09828e451a85186"
  },
  "params": {
    "frame_length": 2048,
    "hop_length": 512,
    "sample_rate": 22050,
    "block_duration_sec": 0.5,
    "tension_weights": {
      "rms": 0.4,
      "onset_density": 0.3,
      "spectral_centroid": 0.2,
      "spectral_bandwidth": 0.1
    },
    "tension_smooth_alpha": 0.3,
    "tension_percentile_lower": 5.0,
    "tension_percentile_upper": 95.0,
    "tension_normalization_mode": "robust_track",
    "novelty_lookback_blocks": 16,
    "novelty_smooth_window": 3,
    "fatigue_window_blocks": 32,
    "fatigue_smooth_window": 5,
    "fatigue_gain_up": 0.02,
    "fatigue_gain_down": 0.08,
    "fatigue_novelty_spike_threshold": 0.5,
    "fatigue_boring_weights": {
      "self_similarity": 0.5,
      "inverse_novelty": 0.3,
      "inverse_variance": 0.2
    },
    "fatigue_use_leaky_integrator": true,
    "anchored_rms_max_dbfs": -6.0,
    "anchored_onset_max": 50.0,
    "anchored_centroid_max_hz": 8000.0,
    "anchored_bandwidth_max_hz": 6000.0,
    "n_mfcc": 13,
    "n_mels": 40,
    "spectral_rolloff_percent": 0.85,
    "normalization_percentile_lower": 1.0,
    "normalization_percentile_upper": 99.0,
    "kernel_version": "1.2.0",
    "timebase_version": "1",
    "source": {
      "type": "synthetic",
      "generator": "section_contrast",
      "fixture_source": "fixtures/synthetic_audio/contrast.wav",
      "expected_events": {
        "transition_time": 30.0
      },
      "wav_sha256": "dc36e0840e723886d97836ee4e63534d2a73fa3117b2c009c09828e451a85186"
    }
  },
  "curves": {
    "tension_raw": {
      "values": [
        0.012600275687873363,
        6.278119144553784e-06,
        2.1080593796796165e-05,
        1.7030244634952396e-05,
        8.972835530585144e-06,
        2.8290218324400485e-05,
        1.8796370113705052e-06,
        3.379197005415335e-05,
        0.0,
        3.237323107896373e-05,
        3.4111480999854393e-06,
        2.4263923478429206e-05,
        1.4306019693322014e-05,
        1.1602497579588089e-05,
        2.5480192562099546e-05,
        2.978005113618565e-06,
        3.3040840207831934e-05,
        0.0,
        3.408129850868136e-05,
        1.9274241367384093e-06,
        2.7368851078790613e-05,
        1.0344937436457258e-05,
        1.5363666534540243e-05,
        2.2770649593439884e-05,
        5.458937721414259e-06,
        3.202130028512329e-05,
        0.0,
        3.441546868998557e-05,
        1.8565632586842185e-08,
        2.948648761957884e-05,
        7.561728125438094e-06,
        1.905976387206465e-05,
        1.9473949578241445e-05,
        7.3807345870591234e-06,
        2.9812166758347303e-05,
        7.566716817564156e-07,
        3.5157427191734314e-05,
        0.0,
        3.086562719545327e-05,
        4.711760084319394e-06,
        2.2425674615078606e-05,
        1.530083318357356e-05,
        1.1077537237724755e-05,
        2.7576463253353722e-05,
        1.9743406483030412e-06,
        3.462168751866557e-05,
        0.0,
        3.295408168924041e-05,
        2.9270820505189477e-06,
        2.502182178432122e-05,
        1.3365817721933126e-05,
        1.3725231838179752e-05,
        2.4306227714987472e-05,
        3.575750042728032e-06,
        3.377396205905825e-05,
        0.0,
        3.4761378628900275e-05,
        8.614014745944587e-08,
        2.791385486489162e-05,
        1.0274152373312972e-05,
        1.612701998965349e-05,
        0.6835525035858154,
        0.952796459197998,
        0.9967631101608276,
        0.9684546589851379,
        0.9902260899543762,
        0.9791363477706909,
        0.9822839498519897,
        0.9887785911560059,
        0.9733636379241943,
        0.9969061613082886,
        0.9640409350395203,
        1.0,
        0.9584090709686279,
        0.997218668460846,
        0.9536601305007935,
        0.9696269631385803,
        0.9802595973014832,
        0.9593401551246643,
        0.9706745147705078,
        0.9151095747947693,
        0.9638507962226868,
        0.9441626667976379,
        0.9995689988136292,
        0.9585652351379395,
        1.0,
        0.9617862105369568,
        0.9999637007713318,
        0.967519998550415,
        0.9939678311347961,
        0.9769724607467651,
        0.9845649003982544,
        0.9863636493682861,
        0.9733983278274536,
        0.9890918731689453,
        0.960253894329071,
        0.9702320098876953,
        0.9669012427330017,
        0.9778602123260498,
        0.9579938054084778,
        0.9376866817474365,
        0.9462482333183289,
        0.9486572742462158,
        0.9954796433448792,
        0.9614624977111816,
        1.0,
        0.9600854516029358,
        1.0,
        0.9599559903144836,
        1.0,
        0.9623213410377502,
        1.0,
        0.96563720703125,
        0.9950368404388428,
        0.9687315225601196,
        0.9827795028686523,
        0.9612111449241638,
        0.9638202786445618,
        0.9864813685417175,
        0.9479295611381531
      ],
      "sampling_interval_sec": 0.5,
      "length": 120
    },