{
  "schema_version": "1.1.0",
  "track_metadata": {
    "duration": 60.0,
    "sample_rate": 22050,
    "preprocessing": {
      "original_sr": 22050,
      "resampled": false,
      "normalization_method": "peak",
      "normalization_factor": 1.0,
      "trimmed": false,
      "trim_samples": null
    },
    "time_axis_info": {
      "max_block_time": 59.75,
      "duration_sec": 60.0,
      "time_axis_valid": true,
      "n_blocks": 120,
      "block_duration_sec": 0.5
    }
  },
  "params": {
    "target_sr": 22050,
    "frame_length": 2048,
    "hop_length": 512,
    "block_duration": 0.5,
    "normalize_method": "peak",
    "block_normalize_method": "robust",
    "trim_silence": false,
    "generate_plots": true
  },
  "curves": {
    "tension_raw": {
      "values": [
        0.0,
        0.1480824500322342,
        0.0,
        0.0,
        0.0,
        1.0920234672084916e-05,
        0.013297569006681442,
        0.23646357655525208,
        0.025898650288581848,
        0.10229786485433578,
        0.41901570558547974,
        0.2766355574131012,
        0.28506460785865784,
        0.13238517940044403,
        0.23382434248924255,
        0.3092063367366791,
        0.5461453795433044,
        0.3935088515281677,
        0.7288156747817993,
        0.0,
        0.0,
        0.43444764614105225,
        0.5634869933128357,
        0.828122079372406,
        0.40487366914749146,
        0.5909895300865173,
        0.6389365792274475,
        0.4569602906703949,
        0.8506722450256348,
        0.5573416352272034,
        0.9327077865600586,
        0.6879137754440308,
        0.7631524801254272,
        0.9583868980407715,
        0.5473090410232544,
        1.0,
        0.9772225022315979,
        1.0,
        0.6827434301376343,
        0.8544360399246216,
        0.9435625672340393,
        0.7428739666938782,
        0.6501836180686951,
        0.5697570443153381,
        0.9801612496376038,
        0.862643301486969,
        0.9750528335571289,
        0.6718679070472717,
        0.7952311635017395,
        1.0,
        0.9473193883895874,
        0.9065970182418823,
        0.7510761022567749,
        0.9995152354240417,
        0.9791829586029053,
        0.8441838026046753,
        0.9765881896018982,
        0.9236618280410767,
        1.0,
        1.0,
        1.0,
        0.9179549813270569,
        0.5290924906730652,
        0.5313200354576111,
        0.5302689671516418,
        0.5303509831428528,
        0.5309762954711914,
        0.5284125804901123,
        0.5258879661560059,
        0.5232568979263306,
        0.5291561484336853,
        0.5303571820259094,
        0.530724823474884,
        0.5293557643890381,
        0.5310096740722656,
        0.5263926386833191,
        0.5124005079269409,
        0.5100154876708984,
        0.5094932317733765,
        0.5301636457443237,
        0.5278510451316833,
        0.5293079018592834,
        0.5287405252456665,
        0.5285045504570007,
        0.531215250492096,
        0.529502272605896,
        0.5315998196601868,
        0.5298575758934021,
        0.5318170189857483,
        0.5300635099411011,
        0.5317901968955994,
        0.5292532444000244,
        0.5317864418029785,
        0.5291138291358948,
        0.5315365791320801,
        0.5301799178123474,
        0.5304406881332397,
        0.5308078527450562,
        0.5284967422485352,
        0.5312469601631165,
        0.5295110940933228,
        0.5316043496131897,
        0.5298363566398621,
        0.5317654609680176,
        0.5299280285835266,
        0.5319331288337708,
        0.5293309688568115,
        0.531777560710907,
        0.5255431532859802,
        0.5262236595153809,
        0.5246750712394714,
        0.5319037437438965,
        0.5287020802497864,
        0.5314816236495972,
        0.5271271467208862,
        0.5296772122383118,
        0.51715087890625,
        0.5099497437477112,
        0.5090141892433167,
        0.5261843800544739
      ],
      "sampling_interval_sec": 0.5,
      "start_time_sec": 0.25,
      "length": 120,
      "description": "Raw tension/energy curve before smoothing",
      "range": [
        0.0,
        1.0
      ],
      "normalization": {
        "mode": "robust_track",
        "percentile_lower": 5.0,
        "percentile_upper": 95.0,
        "p_low": 0.06767354160547256,
        "p_high": 0.7178796529769897,
        "pre_norm": {
          "min": 0.0507349893450737,
          "max": 0.8425654172897339,
          "mean": 0.43625736236572266,
          "std": 0.1712779551744461
        },
        "post_norm": {
          "min": 0.0,
          "max": 1.0,
          "mean": 0.5635235905647278,
          "std": 0.2549969255924225
        },
        "component_stats": {
          "rms": {
            "raw_min": -0.915480375289917,
            "raw_max": 0.5449625849723816,
            "raw_mean": 0.035398490726947784
          },
          "onset_density": {
            "raw_min": -0.2888185679912567,
            "raw_max": 2.0410830974578857,
            "raw_mean": 0.4738381803035736
          },
          "spectral_centroid": {
            "raw_min": -0.2250966578722,
            "raw_max": 2.3413400650024414,
            "raw_mean": 0.4316895306110382
          },
          "spectral_bandwidth": {
            "raw_min": -0.22943507134914398,
            "raw_max": 2.0550122261047363,
            "raw_mean": 0.3560523986816406
          }
        }
      }
    },