{
  "schema_version": "1.1.0",
  "kernel_version": "1.1.1",
  "timebase_version": "1",
  "generated_at": "2025-12-13T20:58:59.151448Z",
  "track_metadata": {
    "name": "build_drop",
    "duration": 60.0,
    "sample_rate": 22050,
    "preprocessing": {
      "normalization_method": "peak",
      "normalization_factor": 1.0
    },
    "audio_checksum": "4e435741ba9bec8834af8ec463ed60877de52b5275a24eb039de555a8bae4e28"
  },
  "params": {
    "frame_length": 2048,
    "hop_length": 512,
    "sample_rate": 22050,
    "block_duration_sec": 0.5,
    "tension_weights": {
      "rms": 0.4,
      "onset_density": 0.3,
      "spectral_centroid": 0.2,
      "spectral_bandwidth": 0.1
    },
    "tension_smooth_alpha": 0.3,
    "tension_percentile_lower": 5.0,
    "tension_percentile_upper": 95.0,
    "tension_normalization_mode": "robust_track",
    "novelty_lookback_blocks": 16,
    "novelty_smooth_window": 3,
    "fatigue_window_blocks": 32,
    "fatigue_smooth_window": 5,
    "fatigue_gain_up": 0.02,
    "fatigue_gain_down": 0.08,
    "fatigue_novelty_spike_threshold": 0.5,
    "fatigue_boring_weights": {
      "self_similarity": 0.5,
      "inverse_novelty": 0.3,
      "inverse_variance": 0.2
    },
    "fatigue_use_leaky_integrator": true,
    "anchored_rms_max_dbfs": -6.0,
    "anchored_onset_max": 50.0,
    "anchored_centroid_max_hz": 8000.0,
    "anchored_bandwidth_max_hz": 6000.0,
    "n_mfcc": 13,
    "n_mels": 40,
    "spectral_rolloff_percent": 0.85,
    "normalization_percentile_lower": 1.0,
    "normalization_percentile_upper": 99.0,
    "kernel_version": "1.1.1",
    "timebase_version": "1",
    "source": {
      "type": "synthetic",
      "generator": "build_then_drop",
      "fixture_source": "fixtures/synthetic_audio/build_drop.wav",
      "expected_events": {
        "drop_time": 30.0
      },
      "wav_sha256": "4e435741ba9bec8834af8ec463ed60877de52b5275a24eb039de555a8bae4e28"
    }
  },
  "curves": {
    "tension_raw": {
      "values": [
        0.0,
        0.023367909714579582,
        0.0,
        0.0,
        0.0,
        0.0,
        0.0,
        0.14783819019794464,
        0.00024029245832934976,
        0.13351893424987793,
        0.2188354879617691,
        0.19441892206668854,
        0.20140045881271362,
        0.1651625782251358,
        0.09644193947315216,
        0.2325814813375473,
        0.4173576831817627,
        0.38301268219947815,
        0.4801974296569824,
        0.006367435213178396,
        0.01267401222139597,
        0.43525469303131104,
        0.3999953269958496,
        0.6408777832984924,
        0.36323222517967224,
        0.4313148558139801,
        0.5172163248062134,
        0.44207170605659485,
        0.6400761604309082,
        0.5346371531486511,
        0.7579370737075806,
        0.5839374661445618,
        0.7392077445983887,
        0.8138948678970337,
        0.4505586326122284,
        0.8995158076286316,
        0.8339096903800964,
        0.9512713551521301,
        0.6267690062522888,
        0.8311420679092407,
        0.8193677663803101,
        0.67562335729599,
        0.6456781029701233,
        0.5218338370323181,
        0.9943783283233643,
        0.8387645483016968,
        0.919856071472168,
        0.691184401512146,
        0.9068204164505005,
        0.9967095255851746,
        0.7887645959854126,
        1.0,
        0.7333624958992004,
        0.9522676467895508,
        0.9997366666793823,
        0.7943631410598755,
        1.0,
        0.9856885075569153,
        1.0,
        1.0,
        1.0,
        1.0,
        0.6889421939849854,
        0.7059556841850281,
        0.6921493411064148,
        0.7037515044212341,
        0.6957722902297974,
        0.701407790184021,
        0.7005591988563538,
        0.6978524327278137,
        0.704480767250061,
        0.6926529407501221,
        0.7001581788063049,
        0.6916617751121521,
        0.707080066204071,
        0.6901713609695435,
        0.7070932984352112,
        0.688241720199585,
        0.6729180216789246,
        0.623750627040863,
        0.5883523225784302,
        0.6395180225372314,
        0.6852988004684448,
        0.6996108889579773,
        0.6979628801345825,
        0.6963648796081543,
        0.7035858035087585,
        0.6965802907943726,
        0.7066569328308105,
        0.6940206289291382,
        0.7070716619491577,
        0.6904224753379822,
        0.7069312334060669,
        0.6887922286987305,
        0.7060877680778503,
        0.6919658184051514,
        0.7039945721626282,
        0.6955837607383728,
        0.7015336751937866,
        0.7002713084220886,
        0.6981814503669739,
        0.7044494152069092,
        0.6966710686683655,
        0.7066344022750854,
        0.6941006183624268,
        0.7070316076278687,
        0.6905316114425659,
        0.7069381475448608,
        0.6887387037277222,
        0.7059793472290039,
        0.6916105151176453,
        0.7024492621421814,
        0.6887355446815491,
        0.6979439854621887,
        0.6988155245780945,
        0.6997518539428711,
        0.7026938199996948,
        0.6977818608283997,
        0.6874935030937195,
        0.6466971635818481
      ],
      "sampling_interval_sec": 0.5,
      "length": 120
    },