{
  "schema_version": "1.1.0",
  "kernel_version": "1.1.1",
  "timebase_version": "1",
  "generated_at": "2025-12-13T20:58:59.285016Z",
  "track_metadata": {
    "name": "repetitive_loop",
    "duration": 60.0,
    "sample_rate": 22050,
    "preprocessing": {
      "normalization_method": "peak",
      "normalization_factor": 1.0
    },
    "audio_checksum": "1ce1c3a7b97cbb6cc294571bba2c0977626d9ab5065c0f65ec399f52c3ff075b"
  },
  "params": {
    "frame_length": 2048,
    "hop_length": 512,
    "sample_rate": 22050,
    "block_duration_sec": 0.5,
    "tension_weights": {
      "rms": 0.4,
      "onset_density": 0.3,
      "spectral_centroid": 0.2,
      "spectral_bandwidth": 0.1
    },
    "tension_smooth_alpha": 0.3,
    "tension_percentile_lower": 5.0,
    "tension_percentile_upper": 95.0,
    "tension_normalization_mode": "robust_track",
    "novelty_lookback_blocks": 16,
    "novelty_smooth_window": 3,
    "fatigue_window_blocks": 32,
    "fatigue_smooth_window": 5,
    "fatigue_gain_up": 0.02,
    "fatigue_gain_down": 0.08,
    "fatigue_novelty_spike_threshold": 0.5,
    "fatigue_boring_weights": {
      "self_similarity": 0.5,
      "inverse_novelty": 0.3,
      "inverse_variance": 0.2
    },
    "fatigue_use_leaky_integrator": true,
    "anchored_rms_max_dbfs": -6.0,
    "anchored_onset_max": 50.0,
    "anchored_centroid_max_hz": 8000.0,
    "anchored_bandwidth_max_hz": 6000.0,
    "n_mfcc": 13,
    "n_mels": 40,
    "spectral_rolloff_percent": 0.85,
    "normalization_percentile_lower": 1.0,
    "normalization_percentile_upper": 99.0,
    "kernel_version": "1.1.1",
    "timebase_version": "1",
    "source": {
      "type": "synthetic",
      "generator": "repetitive_loop",
      "fixture_source": "fixtures/synthetic_audio/repetitive_loop.wav",
      "expected_events": {
        "expected_high_fatigue": true
      },
      "wav_sha256": "1ce1c3a7b97cbb6cc294571bba2c0977626d9ab5065c0f65ec399f52c3ff075b"
    }
  },
  "curves": {
    "tension_raw": {
      "values": [
        0.9989757537841797,
        0.08696051687002182,
        0.3327099680900574,
        1.0,
        0.15384356677532196,
        0.16863960027694702,
        0.5067604780197144,
        0.314906507730484,
        0.9802178740501404,
        0.056882213801145554,
        0.37155234813690186,
        0.03884166106581688,
        0.5049088597297668,
        1.0,
        0.0,
        0.4308452010154724,
        0.41001924872398376,
        0.33080023527145386,
        0.8627687692642212,
        0.17928124964237213,
        0.4793888032436371,
        0.0,
        0.5880382657051086,
        0.9382274150848389,
        0.0,
        0.8020282983779907,
        0.24927368760108948,
        0.3711836040019989,
        0.5941199660301208,
        0.3227342367172241,
        0.5789129734039307,
        0.05708136782050133,
        0.6455037593841553,
        0.5196625590324402,
        0.008555702865123749,
        0.9357324242591858,
        0.2193911373615265,
        0.4678111970424652,
        0.24613456428050995,
        0.5648043155670166,
        0.5406280159950256,
        0.1067274808883667,
        0.6641270518302917,
        0.18904612958431244,
        0.35417890548706055,
        0.801011323928833,
        0.14055538177490234,
        0.4057535231113434,
        0.4037199020385742,
        0.7208700180053711,
        0.33148929476737976,
        0.05984284356236458,
        0.5987017750740051,
        0.1274842619895935,
        0.7892653346061707,
        0.3654473125934601,
        0.10721732676029205,
        0.2522226870059967,
        0.625371515750885,
        0.7586432099342346,
        0.03336767852306366,
        0.14637772738933563,
        0.45119839906692505,
        0.35041406750679016,
        0.8843126893043518,
        0.3084869682788849,
        0.0,
        0.14663559198379517,
        0.9341647028923035,
        0.8502408862113953,
        0.06334993988275528,
        0.2443128228187561,
        0.17577297985553741,
        0.6832461953163147,
        0.7700433731079102,
        0.2993549108505249,
        0.020297540351748466,
        0.10288883745670319,
        1.0,
        0.6334479451179504,
        0.09987962245941162,
        0.36208871006965637,
        0.1612202376127243,
        0.8427367210388184,
        0.4587610065937042,
        0.23191893100738525,
        0.06228002533316612,
        0.3766031861305237,
        1.0,
        0.19352272152900696,
        0.22502465546131134,
        0.5200790762901306,
        0.19710277020931244,
        1.0,
        0.1605105847120285,
        0.26859721541404724,
        0.061407044529914856,
        0.5855207443237305,
        1.0,
        0.0,
        0.4763120412826538,
        0.3967759311199188,
        0.23762455582618713,
        0.9417423605918884,
        0.19193877279758453,
        0.3737126588821411,
        0.007096505258232355,
        0.6160157322883606,
        0.9761930704116821,
        0.0,
        0.8297396898269653,
        0.2220756560564041,
        0.35618874430656433,
        0.7181458473205566,
        0.2675479054450989,
        0.48902153968811035,
        0.10373226553201675,
        0.6438570022583008,
        0.5891485810279846,
        0.0002215144777437672
      ],
      "sampling_interval_sec": 0.5,
      "length": 120
    },