{
  "schema_version": "1.1.0",
  "track_metadata": {
    "duration": 60.0,
    "sample_rate": 22050,
    "preprocessing": {
      "original_sr": 22050,
      "resampled": false,
      "normalization_method": "peak",
      "normalization_factor": 1.0,
      "trimmed": false,
      "trim_samples": null
    },
    "time_axis_info": {
      "max_block_time": 59.75,
      "duration_sec": 60.0,
      "time_axis_valid": true,
      "n_blocks": 120,
      "block_duration_sec": 0.5
    }
  },
  "params": {
    "target_sr": 22050,
    "frame_length": 2048,
    "hop_length": 512,
    "block_duration": 0.5,
    "normalize_method": "peak",
    "block_normalize_method": "robust",
    "trim_silence": false,
    "generate_plots": true
  },
  "curves": {
    "tension_raw": {
      "values": [
        0.008053074590861797,
        2.9493794500012882e-05,
        0.0,
        2.2765267203794792e-05,
        7.89690329838777e-06,
        2.0847641280852258e-05,
        2.0353654690552503e-05,
        7.2157390604843386e-06,
        2.8327271138550714e-05,
        4.405747404234717e-06,
        3.032348286069464e-05,
        0.0,
        2.524860974517651e-05,
        4.605588401318528e-06,
        2.0671728634624742e-05,
        1.8849636035156436e-05,
        1.0973588359775022e-05,
        2.5913041099556722e-05,
        3.118971790172509e-06,
        3.349793769302778e-05,
        0.0,
        2.5960083803511225e-05,
        1.911646904773079e-06,
        2.1546886273426935e-05,
        1.6540871001780033e-05,
        1.3303388186614029e-05,
        2.38564007304376e-05,
        4.791685569216497e-06,
        3.247007407480851e-05,
        2.0953276447244207e-08,
        2.766265424725134e-05,
        6.133961960586021e-07,
        2.213652987848036e-05,
        1.084819723473629e-05,
        1.823799539124593e-05,
        2.2377791538019665e-05,
        5.481545031216228e-06,
        2.938877332780976e-05,
        3.51871221937472e-06,
        2.9299346351763234e-05,
        0.0,
        2.3550244804937392e-05,
        7.039963293209439e-06,
        2.1230154743534513e-05,
        1.9554565369617194e-05,
        8.175766197382472e-06,
        2.8066910090274177e-05,
        3.836196356132859e-06,
        3.100416506640613e-05,
        0.0,
        2.5863359041977674e-05,
        3.2673513032932533e-06,
        2.034973840636667e-05,
        1.8849563275580294e-05,
        1.1612914931902196e-05,
        2.5106679458986036e-05,
        3.3921346584975254e-06,
        3.370967897353694e-05,
        0.0,
        2.6360097763244994e-05,
        1.6639694422337925e-06,
        0.5220769643783569,
        0.9791317582130432,
        0.9990420937538147,
        0.9856519103050232,
        0.9961668848991394,
        0.9903199672698975,
        0.9914817214012146,
        0.9950944781303406,
        0.9865671992301941,
        0.9986131191253662,
        0.9829100370407104,
        0.9859725832939148,
        0.9837875962257385,
        0.9880412220954895,
        0.9841494560241699,
        0.9665310382843018,
        0.9527968764305115,
        0.9035700559616089,
        0.9906344413757324,
        0.9740045070648193,
        0.9945617318153381,
        0.9757219552993774,
        1.0,
        0.9805635809898376,
        1.0,
        0.9818548560142517,
        1.0,
        0.9850032925605774,
        0.9968240261077881,
        0.9899041056632996,
        0.992783784866333,
        0.9846166968345642,
        0.981459379196167,
        0.9936099648475647,
        0.9778714179992676,
        0.9808329343795776,
        0.9491966962814331,
        0.9193442463874817,
        0.9637771844863892,
        0.983639121055603,
        0.9893122911453247,
        0.9804737567901611,
        0.9977065324783325,
        0.9830103516578674,
        1.0,
        0.9808407425880432,
        1.0,
        0.9805004000663757,
        1.0,
        0.9812990427017212,
        1.0,
        0.979620099067688,
        0.9836335182189941,
        0.991295337677002,
        0.9784645438194275,
        0.9882248044013977,
        0.9488131999969482,
        0.9374244213104248,
        0.9327873587608337
      ],
      "sampling_interval_sec": 0.5,
      "start_time_sec": 0.25,
      "length": 120,
      "description": "Raw tension/energy curve before smoothing",
      "range": [
        0.0,
        1.0
      ],
      "normalization": {
        "mode": "robust_track",
        "percentile_lower": 5.0,
        "percentile_upper": 95.0,
        "p_low": 1.8576320144347847e-05,
        "p_high": 0.9966168403625488,
        "pre_norm": {
          "min": 1.6801928722998127e-05,
          "max": 0.9968436360359192,
          "mean": 0.4769847095012665,
          "std": 0.4867932200431824
        },
        "post_norm": {
          "min": 0.0,
          "max": 1.0,
          "mean": 0.4785875380039215,
          "std": 0.4884476065635681
        },
        "component_stats": {
          "rms": {
            "raw_min": -0.005942747928202152,
            "raw_max": 1.0010911226272583,
            "raw_mean": 0.4866134822368622
          },
          "onset_density": {
            "raw_min": -0.00045784920803271234,
            "raw_max": 1.064995288848877,
            "raw_mean": 0.48531514406204224
          },
          "spectral_centroid": {
            "raw_min": -0.006233275402337313,
            "raw_max": 1.0003423690795898,
            "raw_mean": 0.48127326369285583
          },
          "spectral_bandwidth": {
            "raw_min": -0.027283206582069397,
            "raw_max": 0.996023952960968,
            "raw_mean": 0.46001142263412476
          }
        }
      }
    },